Year,WeekNb,Week ending on,E&W - Deaths,E&W - Deaths - Normalized,FR - Deaths,FR - Deaths - Normalized,NL - Deaths,NL - Deaths,BE - deaths,BE - Deaths - Normalized
2010,1,10/01/2010,12 968,232.8500247,11883,183.9105322,2767,166.9382707,2280,210.3339467
2010,2,17/01/2010,12 541,225.1829241,11939,184.7772317,2830,170.7391782,2352,216.9760713
2010,3,24/01/2010,11 762,211.1954033,11639,180.1341988,2846,171.704488,2303,212.4557365
2010,4,31/01/2010,11 056,198.5186515,11544,178.6639051,2865,172.8507934,2226,205.3523532
2010,5,07/02/2010,10 524,188.9661983,11481,177.6888682,2858,172.4284704,2248,207.3818913
2010,6,14/02/2010,10 117,181.6582125,11576,179.1591619,2831,170.79951,2151,198.4334734
2010,7,21/02/2010,10 102,181.3888764,11888,183.9879161,2900,174.9624087,2260,208.488912
2010,8,28/02/2010,10 295,184.8543341,11639,180.1341988,2929,176.7120328,2210,203.8763255
2010,9,07/03/2010,9 981,179.216232,10923,169.052827,2757,166.334952,2116,195.2046628
2010,10,14/03/2010,9 792,175.8225973,11340,175.5066427,2760,166.5159476,2144,197.7877112
2010,11,21/03/2010,9 729,174.6913857,11284,174.6399432,2686,162.0513896,2092,192.9906212
2010,12,28/03/2010,9 631,172.9317233,10383,160.6953678,2687,162.1117215,2036,187.8245243
2010,13,04/04/2010,8 004,143.7177358,10424,161.3299157,2586,156.0182031,2024,186.7175035
2010,14,11/04/2010,9 756,175.1761907,10478,162.1656616,2472,149.1403705,1918,176.93882
2010,15,18/04/2010,9 892,177.6181712,10499,162.4906739,2583,155.8372075,1948,179.706372
2010,16,25/04/2010,9 449,169.6637788,10339,160.0143897,2581,155.7165438,1929,177.9535891
2010,17,02/05/2010,9 503,170.6333887,10217,158.126223,2570,155.0528932,1956,180.4443858
2010,18,09/05/2010,8 343,149.8047313,9857,152.5545835,2536,153.0016098,1894,174.7247785
2010,19,16/05/2010,9 483,170.2742739,9911,153.3903295,2687,162.1117215,1967,181.4591549
2010,20,23/05/2010,9 190,165.0132424,10527,162.9240236,2525,152.3379593,1989,183.4886929
2010,21,30/05/2010,9 452,169.717646,10215,158.0952694,2485,149.9246847,1886,173.9867646
2010,22,06/06/2010,8 178,146.8420344,10007,154.8761,2567,154.8718977,2029,187.1787622
2010,23,13/06/2010,9 259,166.2521884,9776,151.3009647,2502,150.9503264,1882,173.6177577
2010,24,20/06/2010,8 513,152.857207,9467,146.5186408,2372,143.107184,1736,160.149005
2010,25,27/06/2010,8 461,151.9235086,10245,158.5595727,2535,152.941278,1961,180.9056445
2010,26,04/07/2010,8 973,161.116847,10534,163.0323611,2580,155.6562119,2200,202.9538082
2010,27,11/07/2010,8 627,154.9041612,10083,156.052335,2653,160.060438,2063,190.315321
2010,28,18/07/2010,8 541,153.3599677,9602,148.6080056,2499,150.7693308,1871,172.6029887
2010,29,25/07/2010,8 261,148.3323607,9614,148.7937269,2443,147.3907464,1842,169.9276885
2010,30,01/08/2010,8 257,148.2605378,9566,148.0508416,2314,139.6079358,1752,161.6250327
2010,31,08/08/2010,8 467,152.031243,9520,147.3389099,2289,138.0996392,1785,164.6693398
2010,32,15/08/2010,8 318,149.3558379,9580,148.2675165,2381,143.6501707,1816,167.5291435
2010,33,22/08/2010,8 584,154.1320645,9759,151.0378595,2464,148.6577155,1853,170.9424575
2010,34,29/08/2010,8 635,155.0478072,9700,150.1247297,2277,137.3756568,1798,165.8686123
2010,35,05/09/2010,7 708,138.402837,9769,151.1926272,2416,145.761786,1804,166.4221227
2010,36,12/09/2010,8 961,160.9013781,9772,151.2390576,2433,146.7874277,1826,168.4516608
2010,37,19/09/2010,8 727,156.6997352,9858,152.5700603,2523,152.2172956,1911,176.2930579
2010,38,26/09/2010,8 943,160.5781748,10114,156.532115,2594,156.500858,1981,182.7506791
2010,39,03/10/2010,8 759,157.2743188,10402,160.9894266,2498,150.708999,1952,180.0753789
2010,40,10/10/2010,9 195,165.1030211,10677,165.2455401,2598,156.7421855,1955,180.3521341
2010,41,17/10/2010,9 218,165.5160031,10315,159.6429471,2543,153.4239329,1813,167.2523883
2010,42,24/10/2010,9 286,166.7369933,10632,164.5490851,2555,154.1479153,1950,179.8908754
2010,43,31/10/2010,9 275,166.5394802,10769,166.6694035,2609,157.405836,2005,184.9647206
2010,44,07/11/2010,9 668,173.5960856,10693,165.4931685,2559,154.3892427,1955,180.3521341
2010,45,14/11/2010,9 406,168.891682,10379,160.6334607,2542,153.363601,1972,181.9204135
2010,46,21/11/2010,9 437,169.4483099,10411,161.1287176,2519,151.9759681,1925,177.5845822
2010,47,28/11/2010,9 473,170.0947165,10517,162.7692559,2542,153.363601,1996,184.1344551
2010,48,05/12/2010,9 220,165.5519145,11046,170.9564705,2736,165.0679829,2147,198.0644664
2010,49,12/12/2010,11 193,200.9785878,11165,172.7982069,2832,170.8598419,2172,200.3707597
2010,50,19/12/2010,10 880,195.3584414,11442,177.0852739,2873,173.3334484,2288,211.0719605
2010,51,26/12/2010,11 484,206.2037079,11952,184.9784298,2830,170.7391782,2312,213.286002
2011,52,02/01/2011,9 689,173.9731562,12492,193.335889,2884,173.9970989,2311,213.1937503
2011,1,09/01/2011,12 644,227.0323652,12691,196.4157674,2917,175.9880504,2334,215.3155401
2011,2,16/01/2011,13 133,235.8127216,12047,186.4487235,2819,170.0755277,2323,214.3007711
2011,3,23/01/2011,11 438,205.3777439,11469,177.5031469,2624,158.310814,2191,202.1235426
2011,4,30/01/2011,10 555,189.5228262,11509,178.1222179,2620,158.0694865,2030,187.2710139
2011,5,06/02/2011,10 235,183.7769897,11735,181.6199693,2728,164.5853279,2144,197.7877112
2011,6,13/02/2011,10 019,179.8985501,11755,181.9295049,2675,161.3877391,2066,190.5920762
2011,7,20/02/2011,9 757,175.1941464,11480,177.6733914,2621,158.1298184,2068,190.7765797
2011,8,27/02/2011,9 433,169.376487,11285,174.65542,2651,159.9397743,2053,189.3928037
2011,9,06/03/2011,9 453,169.7356017,10949,169.4552232,2686,162.0513896,1972,181.9204135
2011,10,13/03/2011,9 648,173.2369709,11056,171.1112383,2714,163.7406818,2144,197.7877112
2011,11,20/03/2011,9 842,176.7203843,10685,165.3693543,2727,164.5249961,2077,191.6068453
2011,12,27/03/2011,9 707,174.2963595,10579,163.728816,2686,162.0513896,2049,189.0237968
2011,13,03/04/2011,9 312,167.2038425,10498,162.4751971,2739,165.2489784,2014,185.7949862
2011,14,10/04/2011,9 557,171.6029986,10313,159.6119935,2592,156.3801943,1936,178.5993512
2011,15,17/04/2011,9 327,167.4731786,9860,152.6010139,2652,160.0001062,1898,175.0937854
2011,16,24/04/2011,8 335,149.6610854,10632,164.5490851,2694,162.5340445,2046,188.7470416
2011,17,01/05/2011,8 064,144.7950801,10215,158.0952694,2591,156.3198624,1934,178.4148477
2011,18,08/05/2011,9 853,176.9178974,10315,159.6429471,2543,153.4239329,1882,173.6177577
2011,19,15/05/2011,10 140,182.0711945,10024,155.1392052,2606,157.2248404,1962,180.9978962
2011,20,22/05/2011,8 949,160.6859092,9705,150.2021135,2551,153.9065878,1872,172.6952404
2011,21,29/05/2011,9 163,164.5284374,9720,150.4342652,2542,153.363601,1959,180.721141
2011,22,05/06/2011,7 913,142.0837635,9874,152.8176887,2477,149.4420298,1997,184.2267068
2011,23,12/06/2011,9 254,166.1624097,9539,147.6329687,2479,149.5626935,1870,172.5107369
2011,24,19/06/2011,8 961,160.9013781,9870,152.7557816,2489,150.1660122,1888,174.1712681
2011,25,26/06/2011,8 715,156.4842663,9721,150.449742,2413,145.5807904,1832,169.0051712
2011,26,03/07/2011,8 710,156.3944876,10168,157.3678609,2535,152.941278,2037,187.916776
2011,27,10/07/2011,8 705,156.3047089,9851,152.4617229,2625,158.3711458,1970,181.73591
2011,28,17/07/2011,8 461,151.9235086,9601,148.5925288,2513,151.6139769,1798,165.8686123
2011,29,24/07/2011,8 500,152.6237824,9593,148.4687146,2361,142.4435334,1790,165.1305985
2011,30,31/07/2011,8 456,151.8337299,9676,149.753287,2431,146.666764,1777,163.931326
2011,31,07/08/2011,8 787,157.7770795,10112,156.5011615,2486,149.9850166,1931,178.1380925
2011,32,14/08/2011,8 573,153.9345513,9443,146.1471982,2356,142.1418741,1878,173.2487508
2011,33,21/08/2011,8 426,151.2950577,9693,150.0163922,2415,145.7014542,1770,163.2855638
2011,34,28/08/2011,8 466,152.0132872,9517,147.2924796,2381,143.6501707,1858,171.4037162
2011,35,04/09/2011,7 717,138.5644387,9570,148.1127487,2458,148.2957244,1856,171.2192127
2011,36,11/09/2011,8 769,157.4538762,9702,150.1556832,2520,152.0363,1832,169.0051712
2011,37,18/09/2011,8 612,154.6348252,9725,150.5116491,2380,143.5898389,1822,168.0826539
2011,38,25/09/2011,8 527,153.1085873,9744,150.8057078,2447,147.6320738,1819,167.8058987
2011,39,02/10/2011,8 919,160.1472371,10193,157.7547804,2593,156.4405261,2015,185.8872379
2011,40,09/10/2011,8 719,156.5560892,9858,152.5700603,2474,149.2610342,1891,174.4480233
2011,41,16/10/2011,8 705,156.3047089,10166,157.3369074,2537,153.0619417,1914,176.5698131
2011,42,23/10/2011,8 638,155.1016744,10576,163.6823857,2551,153.9065878,1930,178.0458408
2011,43,30/10/2011,9 139,164.0974997,10820,167.4587191,2658,160.3620974,2085,192.3448591
2011,44,06/11/2011,9 640,173.093325,10496,162.4442436,2653,160.060438,2116,195.2046628
2011,45,13/11/2011,9 042,162.355793,10309,159.5500864,2567,154.8718977,1937,178.6916029
2011,46,20/11/2011,9 305,167.0781524,10519,162.8002094,2691,162.3530489,2077,191.6068453
2011,47,27/11/2011,9 166,164.5823046,10567,163.5430947,2740,165.3093103,2027,186.9942587
2011,48,04/12/2011,9 203,165.246667,10766,166.6229731,2782,167.8432486,2159,199.1714872
2011,49,11/12/2011,9 828,176.4690039,10949,169.4552232,2786,168.0845761,2182,201.293277
2011,50,18/12/2011,10 348,185.8059882,11049,171.0029008,2915,175.8673867,2203,203.2305634
2011,51,25/12/2011,11 151,200.2244467,11353,175.7078408,2813,169.7135365,2383,219.8358749
2012,52,01/01/2012,8 472,152.1210217,11679,180.7532699,2824,170.377187,2321,214.1162676
2012,1,08/01/2012,10 514,188.7866409,11934,184.6998478,2930,176.7723647,2286,210.887457
2012,2,15/01/2012,11 343,203.6719486,11715,181.3104338,2773,167.3002619,2218,204.6143393
2012,3,22/01/2012,10 393,186.6139965,11969,185.241535,2785,168.0242442,2232,205.9058636
2012,4,29/01/2012,10 320,185.3032275,11576,179.1591619,2789,168.2655717,2233,205.9981153
2012,5,05/02/2012,10 117,181.6582125,11811,182.7962043,2815,169.8342002,2358,217.5295817
2012,6,12/02/2012,10 287,184.7106882,12889,199.4801691,3034,183.0468786,2445,225.5554823
2012,7,19/02/2012,10 532,189.1098442,13547,209.6638879,3089,186.3651312,2717,250.6479531
2012,8,26/02/2012,11 086,199.0573237,13638,211.0722745,3035,183.1072105,2770,255.5372948
2012,9,04/03/2012,10 945,196.5255645,13563,209.9115163,3061,184.675839,2650,244.4670871
2012,10,11/03/2012,10 507,188.6609508,12754,197.3908043,2951,178.0393338,2480,228.7842929
2012,11,18/03/2012,10 041,180.2935763,12300,190.3643479,2891,174.4194219,2427,223.8949511
2012,12,25/03/2012,9 864,177.1154105,11386,176.2185744,2817,169.9548639,2162,199.4482424
2012,13,01/04/2012,9 634,172.9855905,11165,172.7982069,2793,168.5068992,2206,203.5073186
2012,14,08/04/2012,8 520,152.9828972,10978,169.9040497,2805,169.2308815,2099,193.6363833
2012,15,15/04/2012,9 992,179.4137451,10887,168.4956631,2757,166.334952,2122,195.7581732
2012,16,22/04/2012,10 816,194.2092741,10932,169.192118,2786,168.0845761,2110,194.6511524
2012,17,29/04/2012,10 238,183.8308569,10848,167.8920688,2773,167.3002619,2027,186.9942587
2012,18,06/05/2012,9 957,178.7852942,10452,161.7632654,2609,157.405836,2091,192.8983695
2012,19,13/05/2012,8 868,159.2314944,10615,164.2859799,2653,160.060438,2020,186.3484966
2012,20,20/05/2012,9 913,177.9952417,10077,155.9594743,2537,153.0619417,1879,173.3410025
2012,21,27/05/2012,9 602,172.4110069,10388,160.7727517,2727,164.5249961,2086,192.4371108
2012,22,03/06/2012,9 602,172.4110069,10128,156.7487899,2558,154.3289109,1904,175.6472958
2012,23,10/06/2012,6 781,121.7578669,9488,146.8436531,2585,155.9578712,1897,175.0015337
2012,24,17/06/2012,10 170,182.6098667,9828,152.105757,2558,154.3289109,1845,170.2044437
2012,25,24/06/2012,9 054,162.5712618,10027,155.1856355,2574,155.2942207,1902,175.4627923
2012,26,01/07/2012,8 856,159.0160255,10358,160.3084484,2561,154.5099065,2016,185.9794897
2012,27,08/07/2012,8 909,159.9676797,9768,151.1771504,2639,159.2157919,1864,171.9572266
2012,28,15/07/2012,8 754,157.1845401,9506,147.1222351,2450,147.8130694,1816,167.5291435
2012,29,22/07/2012,8 684,155.9276384,9939,153.8236792,2422,146.1237772,1774,163.6545708
2012,30,29/07/2012,8 877,159.393096,10539,163.1097449,2559,154.3892427,2041,188.2857829
2012,31,05/08/2012,8 942,160.5602191,9682,149.8461477,2372,143.107184,1771,163.3778156
2012,32,12/08/2012,8 810,158.1900615,9808,151.7962215,2359,142.3228697,1834,169.1896746
2012,33,19/08/2012,8 776,157.5795664,10000,154.7677625,2548,153.7255922,1838,169.5586816
2012,34,26/08/2012,8 977,161.1886699,9839,152.2760016,2534,152.8809461,1954,180.2598824
2012,35,02/09/2012,7 617,136.7688647,9163,141.8137008,2370,142.9865202,1731,159.6877463
2012,36,09/09/2012,8 848,158.8723796,9788,151.486686,2540,153.2429373,1790,165.1305985
2012,37,16/09/2012,8 641,155.1555416,9817,151.9355125,2474,149.2610342,1845,170.2044437
2012,38,23/09/2012,8 839,158.7107779,9848,152.4152925,2390,144.1931575,1788,164.946095
2012,39,30/09/2012,8 865,159.1776271,10128,156.7487899,2640,159.2761238,1996,184.1344551
2012,40,07/10/2012,9 070,162.8585537,10701,165.6169827,2523,152.2172956,2015,185.8872379
2012,41,14/10/2012,9 441,169.5201329,10518,162.7847326,2681,161.7497303,1965,181.2746514
2012,42,21/10/2012,9 284,166.7010818,10679,165.2764936,2666,160.8447523,2050,189.1160485
2012,43,28/10/2012,9 550,171.4773084,10494,162.41329,2522,152.1569637,2018,186.1639931
2012,44,04/11/2012,9 335,167.6168245,10910,168.8516289,2646,159.638115,2007,185.1492241
2012,45,11/11/2012,9 683,173.8654217,11076,171.4207738,2691,162.3530489,2095,193.2673764
2012,46,18/11/2012,9 900,177.7618171,10896,168.6349541,2729,164.6456598,2030,187.2710139
2012,47,25/11/2012,9 679,173.7935988,10660,164.9824349,2727,164.5249961,2079,191.7913487
2012,48,02/12/2012,9 394,168.6762131,10889,168.5266166,2731,164.7663235,2061,190.1308176
2012,49,09/12/2012,9 844,176.7562957,11248,174.0827793,2772,167.23993,2152,198.5257251
2012,50,16/12/2012,10 388,186.5242178,11723,181.434248,2911,175.6260592,2184,201.4777805
2012,51,23/12/2012,11 461,205.7907259,11590,179.3758368,2860,172.5491341,2292,211.4409674
2012,52,30/12/2012,8 096,145.3696638,11913,184.3748355,3003,181.1765908,2203,203.2305634
2013,1,06/01/2013,11 620,208.6456884,12452,192.7168179,2947,177.7980064,2236,206.2748705
2013,2,13/01/2013,12 541,225.1829241,12252,189.6214627,3038,183.2882061,2267,209.1346742
2013,3,20/01/2013,11 075,198.8598106,12701,196.5705352,3011,181.6592457,2238,206.459374
2013,4,27/01/2013,11 262,202.2175338,12976,200.8266487,3082,185.9428082,2444,225.4632305
2013,5,03/02/2013,11 314,203.1512322,12709,196.6943494,3192,192.5793133,2576,237.640459
2013,6,10/02/2013,11 044,198.3031827,12614,195.2240557,3143,189.6230519,2448,225.8322375
2013,7,17/02/2013,11 030,198.0518023,12987,200.9968932,3033,182.9865468,2444,225.4632305
2013,8,24/02/2013,10 850,194.8197693,12915,199.8825653,3211,193.7256188,2435,224.632965
2013,9,03/03/2013,10 783,193.6167347,13360,206.7697308,3170,191.2520123,2549,235.1496623
2013,10,10/03/2013,11 245,201.9122862,13064,202.188605,3293,198.6728317,2572,237.2714521
2013,11,17/03/2013,11 180,200.7451632,12327,190.7822209,3039,183.348538,2343,216.1458057
2013,12,24/03/2013,11 075,198.8598106,11691,180.9389912,3038,183.2882061,2364,218.0830921
2013,13,31/03/2013,9 280,166.6292589,11297,174.8411413,3067,185.0378302,2365,218.1753438
2013,14,07/04/2013,10 890,195.5379988,11302,174.9185252,2974,179.4269667,2418,223.0646855
2013,15,14/04/2013,12 147,218.1083629,11332,175.3828285,3059,184.5551753,2415,222.7879303
2013,16,21/04/2013,11 752,211.0158459,10775,166.7622641,2859,172.4888023,2254,207.9354016
2013,17,28/04/2013,10 625,190.779728,10550,163.2799895,2727,164.5249961,2139,197.3264526
2013,18,05/05/2013,10 169,182.5919109,10305,159.4881793,2560,154.4495746,1940,178.9683581
2013,19,12/05/2013,8 814,158.2618845,10101,156.3309169,2652,160.0001062,1960,180.8133927
2013,20,19/05/2013,9 847,176.8101629,10306,159.5036561,2571,155.1132251,1988,183.3964412
2013,21,26/05/2013,9 530,171.1181937,10082,156.0368582,2499,150.7693308,1984,183.0274343
2013,22,02/06/2013,8 333,149.6251739,10348,160.1536807,2601,156.9231811,2017,186.0717414
2013,23,09/06/2013,9 482,170.2563182,10660,164.9824349,2577,155.4752163,2179,201.0165218
2013,24,16/06/2013,8 869,159.2494501,10021,155.0927748,2498,150.708999,1999,184.4112102
2013,25,23/06/2013,8 904,159.877901,9973,154.3498896,2539,153.1826054,2032,187.4555174
2013,26,30/06/2013,8 589,154.2218432,9577,148.2210862,2493,150.4073396,1850,170.6657023
2013,27,07/07/2013,8 790,157.8309467,10041,155.4023104,2533,152.8206142,1828,168.6361642
2013,28,14/07/2013,8 533,153.2163218,10328,159.8441451,2461,148.47672,1882,173.6177577
2013,29,21/07/2013,8 790,157.8309467,10249,158.6214798,2488,150.1056803,1883,173.7100095
2013,30,28/07/2013,8 476,152.1928446,10463,161.9335099,2724,164.3440005,2061,190.1308176
2013,31,04/08/2013,8 159,146.5008753,9758,151.0223827,2486,149.9850166,1867,172.2339818
2013,32,11/08/2013,8 280,148.6735198,9438,146.0698143,2389,144.1328257,1796,165.6841089
2013,33,18/08/2013,8 231,147.7936886,9513,147.2305725,2442,147.3304145,1761,162.4552983
2013,34,25/08/2013,8 579,154.0422858,9630,149.0413553,2402,144.9171399,1866,172.14173
2013,35,01/09/2013,7 688,138.0437222,9737,150.6973704,2436,146.9684233,1806,166.6066262
2013,36,08/09/2013,8 905,159.8958567,9899,153.2046081,2477,149.4420298,1857,171.3114644
2013,37,15/09/2013,8 347,149.8765543,9613,148.7782501,2311,139.4269402,1793,165.4073537
2013,38,22/09/2013,8 635,155.0478072,9999,154.7522858,2498,150.708999,1774,163.6545708
2013,39,29/09/2013,9 155,164.3847915,10476,162.134708,2369,142.9261884,2065,190.4998245
2013,40,06/10/2013,9 191,165.0311981,10257,158.745294,2576,155.4148844,2010,185.4259793
2013,41,13/10/2013,8 939,160.5063518,10077,155.9594743,2604,157.1041767,1875,172.9719956
2013,42,20/10/2013,9 237,165.8571621,10769,166.6694035,2543,153.4239329,2054,189.4850555
2013,43,27/10/2013,9 236,165.8392064,10634,164.5800387,2679,161.6290665,1975,182.1971687
2013,44,03/11/2013,9 107,163.522916,10043,155.4332639,2469,148.9593749,1877,173.1564991
2013,45,10/11/2013,9 449,169.6637788,10333,159.921529,2503,151.0106583,1948,179.706372
2013,46,17/11/2013,9 583,172.0698478,10331,159.8905755,2571,155.1132251,1872,172.6952404
2013,47,24/11/2013,9 587,172.1416708,10719,165.8955647,2565,154.7512339,2110,194.6511524
2013,48,01/12/2013,9 636,173.021502,11253,174.1601632,2743,165.4903059,2040,188.1935312
2013,49,08/12/2013,9 908,177.905463,11133,172.30295,2598,156.7421855,2013,185.7027345
2013,50,15/12/2013,10 033,180.1499304,11382,176.1566673,2590,156.2595305,2145,197.879963
2013,51,22/12/2013,10 335,185.5725636,11267,174.3768381,2787,168.144908,2189,201.9390391
2013,52,29/12/2013,6 606,118.6156125,11693,180.9699447,2753,166.0936246,2190,202.0312909
2014,1,05/01/2014,11 448,205.5573013,11631,180.0103846,2766,166.8779388,2214,204.2453324
2014,2,12/01/2014,11 847,212.7216412,11778,182.2854707,2819,170.0755277,2200,202.9538082
2014,3,19/01/2014,11 061,198.6084302,11620,179.8401401,2740,165.3093103,2136,197.0496974
2014,4,26/01/2014,10 374,186.2728375,11211,173.5101386,2710,163.4993544,2090,192.8061178
2014,5,02/02/2014,10 258,184.1899717,11361,175.831655,2708,163.3786906,2190,202.0312909
2014,6,09/02/2014,10 147,182.1968847,11565,178.9889174,2855,172.2474748,2225,205.2601014
2014,7,16/02/2014,10 198,183.1126274,11881,183.8795787,2796,168.6878948,2167,199.9095011
2014,8,23/02/2014,10 427,187.2244916,11543,178.6484283,2753,166.0936246,2196,202.5848013
2014,9,02/03/2014,10 377,186.3267047,11698,181.0473286,2713,163.68035,2131,196.5884387
2014,10,09/03/2014,9 828,176.4690039,11325,175.2744911,2763,166.6969432,2070,190.9610831
2014,11,16/03/2014,10 005,179.6471697,11360,175.8161782,2770,167.1192663,2198,202.7693047
2014,12,23/03/2014,9 832,176.5408269,11208,173.4637083,2662,160.6034248,2152,198.5257251
2014,13,30/03/2014,9 622,172.7701217,10557,163.3883269,2690,162.2927171,2048,188.9315451
2014,14,06/04/2014,9 944,178.5518696,10989,170.0742943,2707,163.3183588,2175,200.6475149
2014,15,13/04/2014,9 504,170.6513444,10460,161.8870796,2592,156.3801943,2028,187.0865104
2014,16,20/04/2014,8 000,143.6459128,10473,162.0882777,2609,157.405836,1920,177.1233235
2014,17,27/04/2014,9 359,168.0477623,10583,163.7907231,2610,157.4661679,2017,186.0717414
2014,18,04/05/2014,10 527,189.0200655,10286,159.1941205,2528,152.5189549,1892,174.540275
2014,19,11/05/2014,8 613,154.6527809,10458,161.8561261,2618,157.9488228,1936,178.5993512
2014,20,18/05/2014,9 513,170.8129461,10299,159.3953186,2620,158.0694865,2000,184.503462
2014,21,25/05/2014,9 313,167.2217983,10400,160.958473,2559,154.3892427,1948,179.706372
2014,22,01/06/2014,8 034,144.256408,9953,154.0403541,2511,151.4933132,1957,180.5366375
2014,23,08/06/2014,9 557,171.6029986,10488,162.3204293,2499,150.7693308,1948,179.706372
2014,24,15/06/2014,9 414,169.0353279,10292,159.2869812,2428,146.4857684,1898,175.0937854
2014,25,22/06/2014,8 946,160.632042,9872,152.7867352,2442,147.3304145,1853,170.9424575
2014,26,29/06/2014,8 931,160.3627059,9791,151.5331163,2483,149.804021,1865,172.0494783
2014,27,06/07/2014,8 763,157.3461418,9949,153.9784469,2653,160.060438,1867,172.2339818
2014,28,13/07/2014,8 784,157.7232123,9718,150.4033116,2569,154.9925614,1853,170.9424575
2014,29,20/07/2014,9 119,163.7383849,10552,163.310943,2809,169.472209,2039,188.1012795
2014,30,27/07/2014,8 965,160.9732011,10112,156.5011615,2659,160.4224292,1999,184.4112102
2014,31,03/08/2014,8 916,160.0933698,10043,155.4332639,2501,150.8899946,1905,175.7395475
2014,32,10/08/2014,8 755,157.2024958,9972,154.3344128,2540,153.2429373,1815,167.4368917
2014,33,17/08/2014,8 792,157.8668582,9290,143.7792514,2423,146.1841091,1707,157.4737048
2014,34,24/08/2014,8 769,157.4538762,10080,156.0059046,2478,149.5023617,1783,164.4848364
2014,35,31/08/2014,8 027,144.1307178,10440,161.5775441,2678,161.5687347,1881,173.525506
2014,36,07/09/2014,9 671,173.6499529,10341,160.0453432,2630,158.6728052,1893,174.6325268
2014,37,14/09/2014,9 284,166.7010818,10059,155.6808923,2529,152.5792868,1837,169.4664298
2014,38,21/09/2014,9 107,163.522916,10309,159.5500864,2594,156.500858,1912,176.3853096
2014,39,28/09/2014,9 048,162.4635274,9764,151.1152433,2483,149.804021,1792,165.3151019
2014,40,05/10/2014,9 271,166.4676572,10339,160.0143897,2639,159.2157919,1861,171.6804714
2014,41,12/10/2014,9 173,164.7079948,10557,163.3883269,2615,157.7678272,1882,173.6177577
2014,42,19/10/2014,9 464,169.9331149,10606,164.1466889,2646,159.638115,1930,178.0458408
2014,43,26/10/2014,9 603,172.4289626,10381,160.6644143,2562,154.5702383,1967,181.4591549
2014,44,02/11/2014,9 586,172.123715,10754,166.4372518,2647,159.6984469,1942,179.1528616
2014,45,09/11/2014,9 753,175.1223235,10832,167.6444404,2650,159.8794425,1922,177.307827
2014,46,16/11/2014,10 036,180.2037976,10932,169.192118,2779,167.662253,1976,182.2894204
2014,47,23/11/2014,9 472,170.0767608,11180,173.0303585,2777,167.5415893,2024,186.7175035
2014,48,30/11/2014,9 928,178.2645778,10906,168.7897218,2782,167.8432486,2105,194.1898937
2014,49,07/12/2014,10 267,184.3515734,11213,173.5410921,2868,173.031789,2088,192.6216143
2014,50,14/12/2014,10 550,189.4330475,11827,183.0438328,3097,186.8477861,2285,210.7952053
2014,51,21/12/2014,11 681,209.7409885,11946,184.8855691,3129,188.7784058,2326,214.5775263
2014,52,28/12/2014,7 837,140.7191274,11918,184.4522194,2962,178.7029844,2279,210.2416949
2015,1,04/01/2015,12 286,220.6042106,12986,200.9814164,3255,196.3802208,2461,227.03151
2015,2,11/01/2015,16 237,291.5473358,13364,206.8316379,3429,206.8779653,2525,232.9356207
2015,3,18/01/2015,14 866,266.9300175,13006,201.290952,3377,203.7407084,2526,233.0278725
2015,4,25/01/2015,13 934,250.1952687,12830,198.5670393,3353,202.2927436,2510,231.5518448
2015,5,01/02/2015,12 900,231.6290344,13497,208.8900491,3322,200.4224558,2644,243.9135767
2015,6,08/02/2015,12 039,216.1691431,14185,219.5380712,3272,197.4058625,2727,251.5704704
2015,7,15/02/2015,11 822,212.2727477,14913,230.8051643,3311,199.7588053,2892,266.792006
2015,8,22/02/2015,11 434,205.3059209,14550,225.1870945,3381,203.9820358,2774,255.9063018
2015,9,01/03/2015,11 472,205.988239,13820,213.8890478,3207,193.4842913,2643,243.821325
2015,10,08/03/2015,11 469,205.9343718,13153,203.5660381,3222,194.3892693,2457,226.662503
2015,11,15/03/2015,10 951,196.6332989,12511,193.6299477,3086,186.1841356,2380,219.5591198
2015,12,22/03/2015,10 568,189.7562508,12114,187.4856675,3052,184.1328522,2380,219.5591198
2015,13,29/03/2015,10 493,188.4095704,11905,184.2510213,3084,186.0634719,2270,209.4114293
2015,14,05/04/2015,9 062,162.7149078,11361,175.831655,2839,171.282165,2163,199.5404941
2015,15,12/04/2015,10 089,181.1554518,11453,177.2555184,2888,174.2384263,2218,204.6143393
2015,16,19/04/2015,11 639,208.9868474,11094,171.6993558,2893,174.5400857,2152,198.5257251
2015,17,26/04/2015,10 599,190.3128788,10986,170.0278639,2829,170.6788463,2087,192.5293626
2015,18,03/05/2015,10 134,181.9634601,10798,167.11823,2674,161.3274072,2005,184.9647206
2015,19,10/05/2015,8 862,159.1237599,10702,165.6324595,2741,165.3696422,2063,190.315321
2015,20,17/05/2015,10 290,184.7645554,10331,159.8905755,2721,164.1630049,1976,182.2894204
2015,21,24/05/2015,10 005,179.6471697,10222,158.2036069,2566,154.8115658,1950,179.8908754
2015,22,31/05/2015,8 213,147.4704853,10339,160.0143897,2660,160.4827611,1905,175.7395475
2015,23,07/06/2015,10 157,182.3764421,10643,164.7193297,2595,156.5611899,1942,179.1528616
2015,24,14/06/2015,9 548,171.441397,10385,160.7263214,2680,161.6893984,2003,184.7802172
2015,25,21/06/2015,9 312,167.2038425,10095,156.2380563,2559,154.3892427,1900,175.2782889
2015,26,28/06/2015,9 190,165.0132424,10409,161.097764,2547,153.6652604,1888,174.1712681
2015,27,05/07/2015,9 205,165.2825784,11412,176.6209706,2848,171.8251517,2301,212.271233
2015,28,12/07/2015,9 015,161.870988,10548,163.2490359,2587,156.078535,1908,176.0163027
2015,29,19/07/2015,8 802,158.0464156,10410,161.1132408,2567,154.8718977,1797,165.7763606
2015,30,26/07/2015,8 791,157.8489025,10163,157.2904771,2548,153.7255922,1740,160.5180119
2015,31,02/08/2015,8 617,154.7246039,9947,153.9474934,2490,150.226344,1777,163.931326
2015,32,09/08/2015,8 862,159.1237599,10725,165.9884253,2544,153.4842648,1997,184.2267068
2015,33,16/08/2015,9 148,164.2591013,10176,157.4916752,2529,152.5792868,1852,170.8502058
2015,34,23/08/2015,9 121,163.7742964,10091,156.1761492,2519,151.9759681,1755,161.9017879
2015,35,30/08/2015,9 026,162.0685011,10306,159.5036561,2527,152.458623,1919,177.0310718
2015,36,06/09/2015,7 878,141.4553127,10069,155.8356601,2510,151.4329813,1775,163.7468225
2015,37,13/09/2015,9 258,166.2342326,10400,160.958473,2599,156.8025173,1917,176.8465683
2015,38,20/09/2015,9 097,163.3433586,10538,163.0942682,2633,158.8538007,1844,170.1121919
2015,39,27/09/2015,9 529,171.1002379,10649,164.8121903,2683,161.870394,1932,178.2303443
2015,40,04/10/2015,9 410,168.963505,10995,170.1671549,2742,165.429974,1973,182.0126652
2015,41,11/10/2015,9 776,175.5353055,11328,175.3209214,2690,162.2927171,2019,186.2562449
2015,42,18/10/2015,9 511,170.7770346,11108,171.9160306,2712,163.6200181,2059,189.9463141
2015,43,25/10/2015,9 711,174.3681824,11507,178.0912644,2832,170.8598419,2038,188.0090278
2015,44,01/11/2015,9 618,172.6982987,11336,175.4447356,2824,170.377187,2095,193.2673764
2015,45,08/11/2015,9 994,179.4496566,10974,169.8421426,2692,162.4133808,1951,179.9831272
2015,46,15/11/2015,9 938,178.4441352,10608,164.1776425,2599,156.8025173,1934,178.4148477
2015,47,22/11/2015,9 830,176.5049154,10692,165.4776917,2806,169.2912134,2020,186.3484966
2015,48,29/11/2015,9 822,176.3612695,11159,172.7053462,2721,164.1630049,2021,186.4407483
2015,49,06/12/2015,10 365,186.1112358,11342,175.5375963,2759,166.4556157,1992,183.7654481
2015,50,13/12/2015,10 269,184.3874848,11411,176.6054938,2844,171.5838243,2113,194.9279076
2015,51,20/12/2015,10 689,191.9288953,11426,176.8376455,2881,173.8161033,2085,192.3448591
2015,52,27/12/2015,8 630,154.9580285,11321,175.212584,2592,156.3801943,2031,187.3632656
2016,53,03/01/2016,7 524,135.098981,12017,185.9844202,2920,176.169046,2123,195.8504249
2016,1,10/01/2016,13 045,234.2326166,12183,188.5535651,3173,191.4330079,2244,207.0128843
2016,2,17/01/2016,11 501,206.5089554,12247,189.5440788,3075,185.5204851,2234,206.090367
2016,3,24/01/2016,11 473,206.0061947,12403,191.9584559,3062,184.7361709,2295,211.7177226
2016,4,31/01/2016,11 317,203.2050994,12065,186.7273055,3201,193.1223001,2263,208.7656672
2016,5,07/02/2016,11 052,198.4468286,11963,185.1486743,3103,187.2097773,2180,201.1087736
2016,6,14/02/2016,11 170,200.5656058,12059,186.6344448,3036,183.1675424,2127,196.2194318
2016,7,21/02/2016,10 590,190.1512771,11846,183.3378915,3027,182.6245556,2121,195.6659214
2016,8,28/02/2016,11 056,198.5186515,11753,181.8985513,3319,200.2414602,2230,205.7213601
2016,9,06/03/2016,11 285,202.6305158,12252,189.6214627,3185,192.1569903,2336,215.5000436
2016,10,13/03/2016,11 010,197.6926875,12158,188.1666457,3151,190.1057069,2264,208.857919
2016,11,20/03/2016,11 022,197.9081564,12309,190.5036389,3062,184.7361709,2248,207.3818913
2016,12,27/03/2016,9 635,173.0035463,12111,187.4392372,3028,182.6848875,2364,218.0830921
2016,13,03/04/2016,10 286,184.6927324,12212,189.0023916,3037,183.2278742,2273,209.6881845
2016,14,10/04/2016,11 599,208.2686179,11826,183.028356,3010,181.5989139,2080,191.8836005
2016,15,17/04/2016,11 417,205.0006733,11456,177.3019488,2767,166.9382707,2160,199.2637389
2016,16,24/04/2016,10 925,196.1664497,10923,169.052827,2751,165.9729608,2049,189.0237968
2016,17,01/05/2016,10 413,186.9731113,10963,169.6718981,2742,165.429974,1996,184.1344551
2016,18,08/05/2016,9 137,164.0615882,11097,171.7457861,2754,166.1539564,2087,192.5293626
2016,19,15/05/2016,10 637,190.9951968,10931,169.1766412,2952,178.0996657,2065,190.4998245
2016,20,22/05/2016,9 953,178.7134713,10769,166.6694035,2671,161.1464116,1926,177.6768339
2016,21,29/05/2016,9 739,174.8709431,10720,165.9110414,2713,163.68035,1946,179.5218685
2016,22,05/06/2016,7 909,142.0119406,10266,158.884585,2682,161.8100621,1885,173.8945129
2016,23,12/06/2016,9 873,177.2770122,10553,163.3264198,2587,156.078535,1856,171.2192127
2016,24,19/06/2016,9 386,168.5325672,10154,157.1511861,2620,158.0694865,1851,170.7579541
2016,25,26/06/2016,9 365,168.1554967,10650,164.8276671,2597,156.6818536,1920,177.1233235
2016,26,03/07/2016,9 228,165.6955604,10310,159.5655632,2609,157.405836,1846,170.2966954
2016,27,10/07/2016,9 138,164.0795439,10712,165.7872272,2693,162.4737127,1899,175.1860371
2016,28,17/07/2016,9 388,168.5684787,10399,160.9429963,2627,158.4918096,1933,178.322596
2016,29,24/07/2016,9 350,167.8861606,11162,172.7517765,2753,166.0936246,2030,187.2710139
2016,30,31/07/2016,9 335,167.6168245,10116,156.5630686,2542,153.363601,1917,176.8465683
2016,31,07/08/2016,9 182,164.8695964,10061,155.7118459,2500,150.8296627,1801,166.1453675
2016,32,14/08/2016,9 172,164.6900391,10030,155.2320658,2558,154.3289109,1788,164.946095
2016,33,21/08/2016,9 070,162.8585537,10451,161.7477886,2568,154.9322295,1976,182.2894204
2016,34,28/08/2016,9 319,167.3295327,10760,166.5301125,2701,162.9563676,2120,195.5736697
2016,35,04/09/2016,7 923,142.2633209,10313,159.6119935,2591,156.3198624,1866,172.14173
2016,36,11/09/2016,9 399,168.7659918,10421,161.2834853,2584,155.8975394,1835,169.2819264
2016,37,18/09/2016,9 124,163.8281636,10442,161.6084976,2725,164.4043323,1938,178.7838547
2016,38,25/09/2016,8 945,160.6140863,10499,162.4906739,2500,150.8296627,1769,163.1933121
2016,39,02/10/2016,8 994,161.4939175,10733,166.1122395,2665,160.7844204,1906,175.8317993
2016,40,09/10/2016,9 291,166.826772,10906,168.7897218,2683,161.870394,1904,175.6472958
2016,41,16/10/2016,9 719,174.5118283,11495,177.905543,2934,177.0136921,2065,190.4998245
2016,42,23/10/2016,9 768,175.3916596,11607,179.638942,2744,165.5506378,2041,188.2857829
2016,43,30/10/2016,9 724,174.601607,11594,179.4377439,2948,177.8583382,2025,186.8097553
2016,44,06/11/2016,10 152,182.2866634,11389,176.2650048,2731,164.7663235,2088,192.6216143
2016,45,13/11/2016,10 470,187.9965884,11592,179.4067903,2912,175.6863911,2093,193.082873
2016,46,20/11/2016,10 694,192.018674,11919,184.4676962,2902,175.0830725,2177,200.8320184
2016,47,27/11/2016,10 603,190.3847017,11632,180.0258614,2908,175.4450636,2143,197.6954595
2016,48,04/12/2016,10 439,187.4399605,11636,180.0877685,2949,177.9186701,2191,202.1235426
2016,49,11/12/2016,11 223,201.51726,12147,187.9964012,3042,183.5295336,2221,204.8910945
2016,50,18/12/2016,10 533,189.1278,12508,193.5835174,3129,188.7784058,2221,204.8910945
2016,51,25/12/2016,11 493,206.3653095,13474,208.5340832,3072,185.3394895,2321,214.1162676
2016,52,01/01/2017,8 003,143.69978,14659,226.8740631,3329,200.8447788,2418,223.0646855
2017,1,08/01/2017,11 991,215.3072676,15777,244.177099,3568,215.2640946,2557,235.8876761
2017,2,15/01/2017,13 715,246.2629618,15953,246.9010116,3637,219.4269933,2735,252.3084843
2017,3,22/01/2017,13 610,244.3776092,14956,231.4706657,3487,210.3772135,2645,244.0058285
2017,4,29/01/2017,12 877,231.2160524,15033,232.6623774,3626,218.7633428,2691,248.2494081
2017,5,05/02/2017,12 485,224.1774027,14514,224.6299305,3574,215.6260858,2950,272.1426064
2017,6,12/02/2017,12 269,220.2989631,13650,211.2579959,3446,207.9036071,2691,248.2494081
2017,7,19/02/2017,11 644,209.0766261,12848,198.8456213,3417,206.153983,2631,242.7143042
2017,8,26/02/2017,11 794,211.769987,12231,189.2964504,3328,200.784447,2389,220.3893853
2017,9,05/03/2017,11 248,201.9661534,11960,185.102244,3152,190.1660387,2315,213.5627572
2017,10,12/03/2017,11 077,198.895722,11699,181.0628054,3054,184.2535159,2138,197.2342009
2017,11,19/03/2017,10 697,192.0725412,11254,174.17564,2843,171.5234924,2036,187.8245243
2017,12,26/03/2017,10 325,185.3930062,10996,170.1826317,2778,167.6019212,2106,194.2821455
2017,13,02/04/2017,10 027,180.042196,11009,170.3838298,2850,171.9458155,2068,190.7765797
2017,14,09/04/2017,9 939,178.4620909,10880,168.3873256,2764,166.7572751,1969,181.6436583
2017,15,16/04/2017,8 493,152.4980922,10872,168.2635114,2810,169.5325409,1954,180.2598824
2017,16,23/04/2017,9 644,173.1651479,10916,168.9444896,2713,163.68035,1917,176.8465683
2017,17,30/04/2017,10 908,195.8612021,11242,173.9899186,2778,167.6019212,2079,191.7913487
2017,18,07/05/2017,9 064,162.7508192,11096,171.7303093,2769,167.0589344,2091,192.8983695
2017,19,14/05/2017,10 693,192.0007182,10941,169.331409,2802,169.0498859,2009,185.3337276
2017,20,21/05/2017,10 288,184.7286439,10865,168.155174,2801,168.9895541,2110,194.6511524
2017,21,28/05/2017,10 040,180.2756206,10846,167.8611152,2772,167.23993,2009,185.3337276
2017,22,04/06/2017,8 332,149.6072182,10375,160.5715536,2701,162.9563676,1981,182.7506791
2017,23,11/06/2017,9 766,175.3557481,10086,156.0987653,2624,158.310814,1815,167.4368917
2017,24,18/06/2017,9 367,168.1914082,10334,159.9370058,2643,159.4571194,1868,172.3262335
2017,25,25/06/2017,9 627,172.8599003,11076,171.4207738,2627,158.4918096,2101,193.8208868
2017,26,02/07/2017,9 334,167.5988688,9926,153.6224811,2691,162.3530489,1821,167.9904021
2017,27,09/07/2017,9 263,166.3240113,10821,167.4741958,2697,162.7150401,1901,175.3705406
2017,28,16/07/2017,9 376,168.3530098,10334,159.9370058,2520,152.0363,1847,170.3889471
2017,29,23/07/2017,9 113,163.6306504,10529,162.9549772,2674,161.3274072,1827,168.5439125
2017,30,30/07/2017,8 882,159.4828747,10410,161.1132408,2571,155.1132251,1897,175.0015337
2017,31,06/08/2017,8 941,160.5422633,10672,165.1681562,2510,151.4329813,1808,166.7911296
2017,32,13/08/2017,9 038,162.28397,10133,156.8261738,2657,160.3017655,1826,168.4516608
2017,33,20/08/2017,9 299,166.9704179,10326,159.8131916,2540,153.2429373,1784,164.5770881
2017,34,27/08/2017,9 382,168.4607443,10644,164.7348064,2545,153.5445966,1951,179.9831272
2017,35,03/09/2017,8 149,146.321318,10558,163.4038037,2576,155.4148844,1924,177.4923304
2017,36,10/09/2017,9 497,170.5256543,10021,155.0927748,2570,155.0528932,1883,173.7100095
2017,37,17/09/2017,9 454,169.7535575,10611,164.2240728,2707,163.3183588,1823,168.1749056
2017,38,24/09/2017,9 534,171.1900166,11341,175.5221195,2715,163.8010137,1908,176.0163027
2017,39,01/10/2017,9 689,173.9731562,11476,177.6114843,2669,161.0257479,1963,181.0901479
2017,40,08/10/2017,9 778,175.571217,11220,173.6494296,2641,159.3364557,1955,180.3521341
2017,41,15/10/2017,9 940,178.4800467,11350,175.6614105,2763,166.6969432,2059,189.9463141
2017,42,22/10/2017,10 031,180.1140189,11080,171.4826809,2706,163.2580269,2007,185.1492241
2017,43,29/10/2017,9 739,174.8709431,11201,173.3553708,2676,161.4480709,1913,176.4775614
2017,44,05/11/2017,9 984,179.2700992,11247,174.0673025,2726,164.4646642,1892,174.540275
2017,45,12/11/2017,10 346,185.7700768,11535,178.5246141,2797,168.7482266,1939,178.8761064
2017,46,19/11/2017,10 275,184.4952193,11653,180.3508737,2916,175.9277186,2078,191.699097
2017,47,26/11/2017,10 621,190.707905,11840,183.2450308,2917,175.9880504,2114,195.0201593
2017,48,03/12/2017,10 538,189.2175787,12013,185.9225131,2886,174.1177626,2080,191.8836005
2017,49,10/12/2017,10 781,193.5808233,12278,190.0238588,3027,182.6245556,2276,209.9649397
2017,50,17/12/2017,11 217,201.4095255,12832,198.5979929,3218,194.1479418,2325,214.4852745
2017,51,24/12/2017,12 517,224.7519864,12936,200.2075776,3079,185.7618126,2272,209.5959328
2017,52,31/12/2017,8 487,152.3903578,13709,212.1711257,3187,192.277654,2350,216.7915678
2018,1,07/01/2018,12 723,228.4508686,14389,222.6953335,3343,201.689425,2382,219.7436232
2018,2,14/01/2018,15 050,270.2338735,13866,214.6009795,3359,202.6547348,2317,213.7472607
2018,3,21/01/2018,14 256,255.9770167,13429,207.8376283,3364,202.9563941,2336,215.5000436
2018,4,28/01/2018,13 935,250.2132244,12695,196.4776745,3322,200.4224558,2253,207.8431499
2018,5,04/02/2018,13 285,238.541994,12409,192.0513165,3403,205.3093369,2355,217.2528265
2018,6,11/02/2018,12 495,224.3569601,12950,200.4242525,3513,211.945842,2353,217.068323
2018,7,18/02/2018,12 246,219.8859811,12894,199.557553,3660,220.8146262,2565,236.62569
2018,8,25/02/2018,12 142,218.0185842,13383,207.1256966,3691,222.684914,2628,242.437549
2018,9,04/03/2018,10 854,194.8915922,14473,223.9953827,3937,237.5265528,3002,276.9396964
2018,10,11/03/2018,12 997,233.3707411,14595,225.8835494,4092,246.8779919,3016,278.2312207
2018,11,18/03/2018,12 788,229.6179917,13387,207.1876037,3733,225.2188523,2724,251.2937152
2018,12,25/03/2018,11 913,213.9067199,12932,200.1456705,3430,206.9382972,2594,239.3009902
2018,13,01/04/2018,9 941,178.4980024,12718,196.8336404,3225,194.5702649,2460,226.9392582
2018,14,08/04/2018,10 794,193.8142479,12263,189.7917072,3040,183.4088698,2203,203.2305634
2018,15,15/04/2018,12 301,220.8735467,11930,184.6379407,2860,172.5491341,2175,200.6475149
2018,16,22/04/2018,11 223,201.51726,11822,182.9664489,2760,166.5159476,2044,188.5625381
2018,17,29/04/2018,10 306,185.0518472,11061,171.1886221,2663,160.6637567,1953,180.1676306
2018,18,06/05/2018,10 153,182.3046191,10915,168.9290128,2645,159.5777831,1867,172.2339818
2018,19,13/05/2018,8 624,154.850294,10577,163.6978624,2641,159.3364557,1980,182.6584274
2018,20,20/05/2018,10 141,182.0891502,10678,165.2610168,2606,157.2248404,1860,171.5882196
2018,21,27/05/2018,9 636,173.021502,11024,170.6159814,2674,161.3274072,1951,179.9831272
2018,22,03/06/2018,8 147,146.2854065,10738,166.1896234,2776,167.4812575,1953,180.1676306
2018,23,10/06/2018,9 950,178.6596041,10372,160.5251233,2679,161.6290665,1811,167.0678848
2018,24,17/06/2018,9 343,167.7604704,10246,158.5750495,2557,154.268579,1734,159.9645015
2018,25,24/06/2018,9 256,166.1983211,10454,161.794219,2601,156.9231811,1779,164.1158294
2018,26,01/07/2018,9 212,165.4082686,11136,172.3493804,2619,158.0091546,1950,179.8908754
2018,27,08/07/2018,9 258,166.2342326,11011,170.4147833,2726,164.4646642,2080,191.8836005
2018,28,15/07/2018,9 293,166.8626835,10513,162.7073488,2671,161.1464116,1833,169.0974229
2018,29,22/07/2018,9 127,163.8820308,10738,166.1896234,2704,163.1373632,1988,183.3964412
2018,30,29/07/2018,9 141,164.1334111,11196,173.2779869,2767,166.9382707,2107,194.3743972
2018,31,05/08/2018,9 161,164.4925259,11002,170.2754923,2760,166.5159476,2125,196.0349284
2018,32,12/08/2018,9 319,167.3295327,10994,170.1516781,2745,165.6109696,2000,184.503462
2018,33,19/08/2018,8 830,158.5491763,10163,157.2904771,2605,157.1645085,1887,174.0790164
2018,34,26/08/2018,8 978,161.2066257,10618,164.3324103,2612,157.5868316,1824,168.2671573
2018,35,02/09/2018,7 865,141.221888,10363,160.3858323,2527,152.458623,1825,168.3594091
2018,36,09/09/2018,9 445,169.5919558,10754,166.4372518,2613,157.6471634,1909,176.1085545
2018,37,16/09/2018,9 191,165.0311981,10785,166.9170319,2539,153.1826054,1811,167.0678848
2018,38,23/09/2018,9 305,167.0781524,10772,166.7158338,2706,163.2580269,1970,181.73591
2018,39,30/09/2018,9 150,164.2950128,10689,165.4312614,2696,162.6547082,1831,168.9129194
2018,40,07/10/2018,9 503,170.6333887,11310,175.0423394,2806,169.2912134,1965,181.2746514
2018,41,14/10/2018,9 649,173.2549266,11391,176.2959583,2760,166.5159476,2006,185.0569724
2018,42,21/10/2018,9 864,177.1154105,11012,170.4302601,2739,165.2489784,1957,180.5366375
2018,43,28/10/2018,9 603,172.4289626,11258,174.2375471,2671,161.1464116,1918,176.93882
2018,44,04/11/2018,9 529,171.1002379,11436,176.9924132,2815,169.8342002,1907,175.924051
2018,45,11/11/2018,10 151,182.2687076,11712,181.2640035,2798,168.8085585,2049,189.0237968
2018,46,18/11/2018,10 193,183.0228487,11474,177.5805307,2761,166.5762795,2017,186.0717414
2018,47,25/11/2018,9 957,178.7852942,11706,181.1711428,2859,172.4888023,2060,190.0385658
2018,48,02/12/2018,10 033,180.1499304,11811,182.7962043,2907,175.3847318,2107,194.3743972
2018,49,09/12/2018,10 287,184.7106882,11567,179.0198709,2968,179.0649755,2173,200.4630114
2018,50,16/12/2018,10 550,189.4330475,11733,181.5890158,3017,182.0212369,2233,205.9981153
2018,51,23/12/2018,11 116,199.5959959,12260,189.7452769,3041,183.4692017,2263,208.7656672
2018,52,30/12/2018,7 131,128.0423755,12182,188.5380883,2901,175.0227406,2251,207.6586465
2019,1,06/01/2019,10 955,196.7051219,13552,209.7412718,3062,184.7361709,2312,213.286002
2019,2,13/01/2019,12 609,226.4039144,13639,211.0877513,3262,196.8025439,2332,215.1310367
2019,3,20/01/2019,11 860,212.9550658,13639,211.0877513,3150,190.045375,2304,212.5479882
2019,4,27/01/2019,11 740,210.8003771,13639,211.0877513,3178,191.7346672,2380,219.5591198
2019,5,03/02/2019,11 297,202.8459846,13783,213.3164071,3143,189.6230519,2430,224.1717063
2019,6,10/02/2019,11 660,209.3639179,13975,216.2879481,3185,192.1569903,2532,233.5813829
2019,7,17/02/2019,11 824,212.3086592,13975,216.2879481,3252,196.1992252,2428,223.9872028
2019,8,24/02/2019,11 295,202.8100732,13975,216.2879481,3222,194.3892693,2429,224.0794546
2019,9,03/03/2019,11 044,198.3031827,13516,209.1841078,3066,184.9774983,2397,221.1273992
2019,10,10/03/2019,10 898,195.6816447,12717,196.8181636,3171,191.3123442,2381,219.6513715
2019,11,17/03/2019,10 567,189.7382951,11981,185.4272563,3227,194.6909286,2284,210.7029536
2019,12,24/03/2019,10 402,186.7755982,11817,182.889065,3042,183.5295336,2184,201.4777805
2019,13,31/03/2019,9 867,177.1692777,11584,179.2829761,3013,181.7799095,2050,189.1160485
2019,14,07/04/2019,10 126,181.8198142,11731,181.5580622,2900,174.9624087,2142,197.6032078
2019,15,14/04/2019,10 291,184.7825111,11258,174.2375471,2900,174.9624087,2004,184.8724689
2019,16,21/04/2019,9 025,162.0505454,11552,178.7877193,3040,183.4088698,2078,191.699097
2019,17,28/04/2019,10 059,180.6167796,11501,177.9984037,2957,178.401325,2041,188.2857829
2019,18,05/05/2019,11 207,201.2299681,11031,170.7243189,2806,169.2912134,2013,185.7027345
2019,19,12/05/2019,9 055,162.5892176,11087,171.5910183,2771,167.1795981,2015,185.8872379
2019,20,19/05/2019,10 272,184.4413521,11087,171.5910183,2821,170.1961914,2031,187.3632656
2019,21,26/05/2019,10 284,184.6568209,11087,171.5910183,2873,173.3334484,1981,182.7506791
2019,22,02/06/2019,8 260,148.314405,11019,170.5385975,2732,164.8266554,1929,177.9535891
2019,23,09/06/2019,10 140,182.0711945,10850,167.9230224,2736,165.0679829,1921,177.2155752
2019,24,16/06/2019,9 445,169.5919558,10850,167.9230224,2650,159.8794425,1853,170.9424575
2019,25,23/06/2019,9 458,169.8253804,10850,167.9230224,2694,162.5340445,1921,177.2155752
2019,26,30/06/2019,9 511,170.7770346,10850,167.9230224,2835,171.0408375,1942,179.1528616
2019,27,07/07/2019,9 062,162.7149078,10861,168.0932669,2725,164.4043323,1862,171.7727231
2019,28,14/07/2019,9 179,164.8157292,10861,168.0932669,2760,166.5159476,1800,166.0531158
2019,29,21/07/2019,9 080,163.0381111,10861,168.0932669,2584,155.8975394,1869,172.4184852
2019,30,28/07/2019,9 112,163.6126947,10861,168.0932669,3007,181.4179183,2119,195.481418
2019,31,04/08/2019,9 271,166.4676572,10719,165.8955647,2731,164.7663235,1858,171.4037162
2019,32,11/08/2019,9 122,163.7922521,10613,164.2550264,2628,158.5521414,1760,162.3630465
2019,33,18/08/2019,9 093,163.2715357,10613,164.2550264,2612,157.5868316,1744,160.8870188
2019,34,25/08/2019,8 994,161.4939175,10613,164.2550264,2615,157.7678272,1855,171.126961
2019,35,01/09/2019,8 242,147.9912017,10637,164.626469,2782,167.8432486,1972,181.9204135
2019,36,08/09/2019,9 695,174.0808906,10780,166.839648,2555,154.1479153,1821,167.9904021
2019,37,15/09/2019,9 513,170.8129461,10780,166.839648,2640,159.2761238,1808,166.7911296
2019,38,22/09/2019,9 440,169.5021771,10780,166.839648,2580,155.6562119,1884,173.8022612
2019,39,29/09/2019,9 517,170.884769,10780,166.839648,2753,166.0936246,1799,165.960864
2019,40,06/10/2019,9 799,175.9482875,11295,174.8101878,2713,163.68035,1981,182.7506791
2019,41,13/10/2019,9 973,179.0725861,11381,176.1411905,2911,175.6260592,1948,179.706372
2019,42,20/10/2019,10 156,182.3584863,11381,176.1411905,2877,173.5747758,1965,181.2746514
2019,43,27/10/2019,10 021,179.9344616,11381,176.1411905,2867,172.9714572,2049,189.0237968
2019,44,03/11/2019,10 164,182.5021322,11693,180.9699447,2852,172.0664792,1953,180.1676306
2019,45,10/11/2019,10 697,192.0725412,12110,187.4237604,3011,181.6592457,1967,181.4591549
2019,46,17/11/2019,10 650,191.2286214,12110,187.4237604,3057,184.4345115,2025,186.8097553
2019,47,24/11/2019,10 882,195.3943529,12110,187.4237604,3019,182.1419007,2172,200.3707597
2019,48,01/12/2019,10 958,196.7589891,12154,188.1047386,3037,183.2278742,2112,194.8356558
2019,49,08/12/2019,10 816,194.2092741,12419,192.2060843,3013,181.7799095,2148,198.1567182
2019,50,15/12/2019,11 188,200.8888091,12419,192.2060843,3148,189.9247113,2237,206.3671222
2019,51,22/12/2019,11 926,214.1401445,12419,192.2060843,3235,195.1735835,2295,211.7177226
2019,52,29/12/2019,7 533,135.2605827,12419,192.2060843,2997,180.8145996,2152,198.5257251
2020,1,05/01/2020,12 254,220.029627,12726,196.9574546,3094,186.6667905,2245,207.1051361
2020,2,12/01/2020,14 058,252.4217803,12848,198.8456213,3364,202.9563941,2368,218.452099
2020,3,19/01/2020,12 990,233.2450509,12848,198.8456213,3151,190.1057069,2277,210.0571915
2020,4,26/01/2020,11 856,212.8832428,12848,198.8456213,3040,183.4088698,2206,203.5073186
2020,5,02/02/2020,11 612,208.5020425,12681,196.2609997,3157,190.467698,2308,212.9169951
2020,6,09/02/2020,10 986,197.2617498,12262,189.7762304,3188,192.3379859,2200,202.9538082
2020,7,16/02/2020,10 944,196.5076087,12262,189.7762304,3195,192.7603089,2264,208.857919
2020,8,23/02/2020,10 841,194.6581676,12262,189.7762304,2953,178.1599976,2304,212.5479882
2020,9,01/03/2020,10 816,194.2092741,12276,189.9929053,3087,186.2444675,2230,205.7213601
2020,10,08/03/2020,10 895,195.6277775,12265,189.8226608,3092,186.5461268,2200,202.9538082
2020,11,15/03/2020,11 019,197.8542892,12564,194.4502169,3211,193.7256188,2221,204.8910945
2020,12,22/03/2020,10 645,191.1388428,13911,215.2974345,3593,216.7723912,2540,234.3193967
2020,13,29/03/2020,11 141,200.0448893,15747,243.7127957,4432,267.390826,3172,292.6224907
2020,14,05/04/2020,16 387,294.2406967,17592,272.2674479,5037,303.8916044,3918,361.442282
2020,15,12/04/2020,18516,332.4684652,,,5036,303.8312725,,
2020,16,19/04/2020,,,,,,,,
2020,17,26/04/2020,,,,,,,,
2020,18,03/05/2020,,,,,,,,
2020,19,10/05/2020,,,,,,,,
2020,20,17/05/2020,,,,,,,,
2020,21,24/05/2020,,,,,,,,
2020,22,31/05/2020,,,,,,,,
2020,23,07/06/2020,,,,,,,,
2020,24,14/06/2020,,,,,,,,
2020,25,21/06/2020,,,,,,,,
2020,26,28/06/2020,,,,,,,,
2020,27,05/07/2020,,,,,,,,
2020,28,12/07/2020,,,,,,,,
2020,29,19/07/2020,,,,,,,,
2020,30,26/07/2020,,,,,,,,
2020,31,02/08/2020,,,,,,,,
2020,32,09/08/2020,,,,,,,,
2020,33,16/08/2020,,,,,,,,
2020,34,23/08/2020,,,,,,,,
2020,35,30/08/2020,,,,,,,,
2020,36,06/09/2020,,,,,,,,
2020,37,13/09/2020,,,,,,,,
2020,38,20/09/2020,,,,,,,,
2020,39,27/09/2020,,,,,,,,
2020,40,04/10/2020,,,,,,,,
2020,41,11/10/2020,,,,,,,,
2020,42,18/10/2020,,,,,,,,
2020,43,25/10/2020,,,,,,,,
2020,44,01/11/2020,,,,,,,,
2020,45,08/11/2020,,,,,,,,
2020,46,15/11/2020,,,,,,,,
2020,47,22/11/2020,,,,,,,,
2020,48,29/11/2020,,,,,,,,
2020,49,06/12/2020,,,,,,,,
2020,50,13/12/2020,,,,,,,,
2020,51,20/12/2020,,,,,,,,
2020,52,27/12/2020,,,,,,,,
2021,,03/01/2021,,,,,,,,